{"accuracy": [0.5835265517234802, 0.8509424328804016, 0.9092823266983032, 0.9381890892982483, 0.9536524415016174, 0.9645636081695557, 0.9716196060180664, 0.9760580658912659, 0.9776371121406555, 0.981492280960083], "loss": [1.4143245220184326, 0.4682053029537201, 0.27803581953048706, 0.18882857263088226, 0.14105449616909027, 0.10684332996606827, 0.08642449975013733, 0.07353723794221878, 0.06874319165945053, 0.05719712749123573], "val_accuracy": [0.794104278087616, 0.8960277438163757, 0.9121898412704468, 0.9537332057952881, 0.9467334151268005, 0.9580582976341248, 0.9547006487846375, 0.9684156775474548, 0.956407904624939, 0.9673343896865845], "val_loss": [0.6245949864387512, 0.32423946261405945, 0.28153684735298157, 0.14661334455013275, 0.16266179084777832, 0.13099853694438934, 0.1469329446554184, 0.10171482712030411, 0.13674679398536682, 0.11129584163427353]}