{"accuracy": [0.6648552417755127, 0.879209041595459, 0.9261398315429688, 0.9469947814941406, 0.9605661630630493, 0.9690163135528564, 0.9739384055137634, 0.9772103428840637, 0.9796998500823975, 0.9828721880912781], "loss": [1.1187857389450073, 0.37219861149787903, 0.2241656333208084, 0.1607622355222702, 0.11947490274906158, 0.09175317734479904, 0.07690555602312088, 0.06896299123764038, 0.06247358396649361, 0.05321672931313515], "val_accuracy": [0.8516389727592468, 0.9161734580993652, 0.9265877604484558, 0.948554515838623, 0.9504324793815613, 0.9330753684043884, 0.9422945380210876, 0.9531641006469727, 0.9647734761238098, 0.9392215013504028], "val_loss": [0.4705001711845398, 0.26035022735595703, 0.22064444422721863, 0.15780407190322876, 0.16305558383464813, 0.22717155516147614, 0.20679466426372528, 0.1635282039642334, 0.11697442829608917, 0.20716023445129395]}